latitude,longitude,brightness,scan,track,acq_date,acq_time,satellite,instrument,confidence,version,bright_t31,frp,daynight
-35.7176,147.4592,370.4,1.0,1.0,2026-04-01,0100,Terra,MODIS,85,6.1NRT,350.4,15.8,N
-36.008,147.9296,338.8,1.0,1.0,2026-04-01,0717,Aqua,MODIS,85,6.1NRT,318.8,13.3,D
-34.5968,148.8256,340.3,1.0,1.0,2026-04-02,0100,Terra,MODIS,85,6.1NRT,320.3,6.7,N
-34.496,148.2976,361.0,1.0,1.0,2026-04-02,0717,Aqua,MODIS,85,6.1NRT,341.0,4.2,D
-35.0864,148.0672,344.0,1.0,1.0,2026-04-03,0100,Terra,MODIS,85,6.1NRT,324.0,19.7,N
-34.4912,149.3024,381.6,1.0,1.0,2026-04-03,0717,Aqua,MODIS,85,6.1NRT,361.6,10.8,D
-34.8872,148.4416,339.4,1.0,1.0,2026-04-04,0100,Terra,MODIS,85,6.1NRT,319.4,4.1,N
-35.8856,149.3632,334.5,1.0,1.0,2026-04-04,0717,Aqua,MODIS,85,6.1NRT,314.5,29.3,D
-36.1712,146.7584,356.3,1.0,1.0,2026-04-05,0100,Terra,MODIS,85,6.1NRT,336.3,5.7,N
-35.1752,146.576,320.2,1.0,1.0,2026-04-05,0717,Aqua,MODIS,85,6.1NRT,300.2,22.3,D
-34.1384,148.816,368.5,1.0,1.0,2026-04-06,0100,Terra,MODIS,85,6.1NRT,348.5,24.7,N
-34.7144,148.592,360.8,1.0,1.0,2026-04-06,0717,Aqua,MODIS,85,6.1NRT,340.8,15.7,D
-34.5344,148.464,327.5,1.0,1.0,2026-04-07,0100,Terra,MODIS,85,6.1NRT,307.5,15.4,N
-34.556,147.0144,390.7,1.0,1.0,2026-04-07,0717,Aqua,MODIS,85,6.1NRT,370.7,16.4,D
-34.46,146.864,328.5,1.0,1.0,2026-04-08,0100,Terra,MODIS,85,6.1NRT,308.5,23.9,N
-36.0944,149.5552,341.4,1.0,1.0,2026-04-08,0717,Aqua,MODIS,85,6.1NRT,321.4,17.3,D
-35.636,147.4624,344.9,1.0,1.0,2026-04-09,0100,Terra,MODIS,85,6.1NRT,324.9,32.4,N
-35.5208,147.0912,347.3,1.0,1.0,2026-04-09,0717,Aqua,MODIS,85,6.1NRT,327.3,30.5,D
-35.18,147.9232,320.4,1.0,1.0,2026-04-10,0100,Terra,MODIS,85,6.1NRT,300.4,31.7,N
-34.64,148.4096,334.9,1.0,1.0,2026-04-10,0717,Aqua,MODIS,85,6.1NRT,314.9,32.1,D
-33.836,148.5792,327.6,1.0,1.0,2026-04-11,0100,Terra,MODIS,85,6.1NRT,307.6,26.9,N
-34.556,148.2784,357.8,1.0,1.0,2026-04-11,0717,Aqua,MODIS,85,6.1NRT,337.8,6.5,D
-35.4392,149.3376,392.8,1.0,1.0,2026-04-12,0100,Terra,MODIS,85,6.1NRT,372.8,25.5,N
-36.1832,148.3136,329.4,1.0,1.0,2026-04-12,0717,Aqua,MODIS,85,6.1NRT,309.4,3.9,D
-35.0936,148.5184,375.7,1.0,1.0,2026-04-13,0100,Terra,MODIS,85,6.1NRT,355.7,26.3,N
-36.02,146.6528,384.4,1.0,1.0,2026-04-13,0717,Aqua,MODIS,85,6.1NRT,364.4,5.8,D
-33.98,149.4272,369.5,1.0,1.0,2026-04-14,0100,Terra,MODIS,85,6.1NRT,349.5,30.9,N
-33.872,147.968,334.5,1.0,1.0,2026-04-14,0717,Aqua,MODIS,85,6.1NRT,314.5,9.5,D
-34.3448,149.5072,344.2,1.0,1.0,2026-04-15,0100,Terra,MODIS,85,6.1NRT,324.2,33.0,N
-34.1912,147.7984,349.1,1.0,1.0,2026-04-15,0717,Aqua,MODIS,85,6.1NRT,329.1,28.4,D
-34.3376,148.9248,331.5,1.0,1.0,2026-04-16,0100,Terra,MODIS,85,6.1NRT,311.5,30.9,N
-35.8016,149.3888,315.1,1.0,1.0,2026-04-16,0717,Aqua,MODIS,85,6.1NRT,295.1,24.1,D
-35.1272,147.6032,391.7,1.0,1.0,2026-04-17,0100,Terra,MODIS,85,6.1NRT,371.7,30.1,N
-35.4296,146.752,386.6,1.0,1.0,2026-04-17,0717,Aqua,MODIS,85,6.1NRT,366.6,21.2,D
-35.4584,148.1856,342.1,1.0,1.0,2026-04-18,0100,Terra,MODIS,85,6.1NRT,322.1,10.6,N
-35.264,149.4752,370.3,1.0,1.0,2026-04-18,0717,Aqua,MODIS,85,6.1NRT,350.3,13.0,D
-34.1408,147.824,323.3,1.0,1.0,2026-04-19,0100,Terra,MODIS,85,6.1NRT,303.3,4.7,N
-35.5952,147.0144,349.4,1.0,1.0,2026-04-19,0717,Aqua,MODIS,85,6.1NRT,329.4,13.8,D
-34.3016,147.6672,330.5,1.0,1.0,2026-04-20,0100,Terra,MODIS,85,6.1NRT,310.5,11.3,N
-35.732,148.3744,335.7,1.0,1.0,2026-04-20,0717,Aqua,MODIS,85,6.1NRT,315.7,16.8,D
-33.908,146.9504,326.3,1.0,1.0,2026-04-21,0100,Terra,MODIS,85,6.1NRT,306.3,25.5,N
-35.96,147.0048,366.7,1.0,1.0,2026-04-21,0717,Aqua,MODIS,85,6.1NRT,346.7,23.8,D
-34.148,148.0736,332.0,1.0,1.0,2026-04-22,0100,Terra,MODIS,85,6.1NRT,312.0,5.8,N
-34.6592,147.744,335.8,1.0,1.0,2026-04-22,0717,Aqua,MODIS,85,6.1NRT,315.8,9.7,D
-34.0016,147.1296,391.4,1.0,1.0,2026-04-23,0100,Terra,MODIS,85,6.1NRT,371.4,25.4,N
-35.7248,147.68,376.5,1.0,1.0,2026-04-23,0717,Aqua,MODIS,85,6.1NRT,356.5,28.8,D
-35.3072,147.0432,353.5,1.0,1.0,2026-04-24,0100,Terra,MODIS,85,6.1NRT,333.5,30.2,N
-33.8528,147.7856,328.1,1.0,1.0,2026-04-24,0717,Aqua,MODIS,85,6.1NRT,308.1,24.0,D
-33.956,146.8704,332.8,1.0,1.0,2026-04-25,0100,Terra,MODIS,85,6.1NRT,312.8,23.1,N
-35.3792,147.7504,374.1,1.0,1.0,2026-04-25,0717,Aqua,MODIS,85,6.1NRT,354.1,9.6,D
-36.1064,147.44,326.3,1.0,1.0,2026-04-26,0100,Terra,MODIS,85,6.1NRT,306.3,30.4,N
-34.3424,146.7264,330.6,1.0,1.0,2026-04-26,0717,Aqua,MODIS,85,6.1NRT,310.6,6.0,D
-36.0392,149.3184,315.3,1.0,1.0,2026-04-27,0100,Terra,MODIS,85,6.1NRT,295.3,19.4,N
-34.1456,147.248,358.4,1.0,1.0,2026-04-27,0717,Aqua,MODIS,85,6.1NRT,338.4,3.8,D
-34.7936,148.1824,358.3,1.0,1.0,2026-04-28,0100,Terra,MODIS,85,6.1NRT,338.3,32.6,N
-35.9768,149.5552,349.7,1.0,1.0,2026-04-28,0717,Aqua,MODIS,85,6.1NRT,329.7,12.3,D
-36.008,147.7472,393.6,1.0,1.0,2026-04-29,0100,Terra,MODIS,85,6.1NRT,373.6,31.6,N
-35.8064,147.0208,368.0,1.0,1.0,2026-04-29,0717,Aqua,MODIS,85,6.1NRT,348.0,12.2,D
-34.9664,148.0352,354.1,1.0,1.0,2026-04-30,0100,Terra,MODIS,85,6.1NRT,334.1,9.6,N
-34.1696,148.528,383.2,1.0,1.0,2026-04-30,0717,Aqua,MODIS,85,6.1NRT,363.2,13.8,D
