latitude,longitude,bright_ti4,scan,track,acq_date,acq_time,satellite,instrument,confidence,version,bright_ti5,frp,daynight
30.3264,75.9134,370.4,0.4,0.4,2026-05-01,0100,N,VIIRS,nominal,2.0NRT,345.4,15.8,N
30.4632,75.7512,338.8,0.4,0.4,2026-05-01,0717,N,VIIRS,nominal,2.0NRT,313.8,13.3,D
30.5172,75.9696,377.9,0.4,0.4,2026-05-01,1334,N,VIIRS,nominal,2.0NRT,352.9,6.2,D
30.5504,75.7106,365.7,0.4,0.4,2026-05-01,1951,N,VIIRS,nominal,2.0NRT,340.7,33.3,N
30.642,75.747,340.3,0.4,0.4,2026-05-02,0100,N,VIIRS,nominal,2.0NRT,315.3,6.7,N
30.3688,75.7855,361.0,0.4,0.4,2026-05-02,0717,N,VIIRS,nominal,2.0NRT,336.0,4.2,D
30.3148,76.0705,329.0,0.4,0.4,2026-05-02,1334,N,VIIRS,nominal,2.0NRT,304.0,24.0,D
30.5856,75.9634,362.5,0.4,0.4,2026-05-02,1951,N,VIIRS,nominal,2.0NRT,337.5,23.2,N
30.3468,75.5988,344.0,0.4,0.4,2026-05-03,0100,N,VIIRS,nominal,2.0NRT,319.0,19.7,N
30.3168,75.8968,381.6,0.4,0.4,2026-05-03,0717,N,VIIRS,nominal,2.0NRT,356.6,10.8,D
30.3824,75.6259,375.8,0.4,0.4,2026-05-03,1334,N,VIIRS,nominal,2.0NRT,350.8,21.1,D
30.6528,76.0299,376.5,0.4,0.4,2026-05-03,1951,N,VIIRS,nominal,2.0NRT,351.5,16.4,N
30.5396,75.825,339.4,0.4,0.4,2026-05-04,0100,N,VIIRS,nominal,2.0NRT,314.4,4.1,N
30.5272,76.045,334.5,0.4,0.4,2026-05-04,0717,N,VIIRS,nominal,2.0NRT,309.5,29.3,D
30.4324,75.8438,372.6,0.4,0.4,2026-05-04,1334,N,VIIRS,nominal,2.0NRT,347.6,18.8,D
30.5416,75.6571,387.2,0.4,0.4,2026-05-04,1951,N,VIIRS,nominal,2.0NRT,362.2,7.0,N
30.462,75.5962,356.3,0.4,0.4,2026-05-05,0100,N,VIIRS,nominal,2.0NRT,331.3,5.7,N
30.5388,75.8011,320.2,0.4,0.4,2026-05-05,0717,N,VIIRS,nominal,2.0NRT,295.2,22.3,D
30.5072,75.6909,320.3,0.4,0.4,2026-05-05,1334,N,VIIRS,nominal,2.0NRT,295.3,5.0,D
30.4952,75.641,339.1,0.4,0.4,2026-05-05,1951,N,VIIRS,nominal,2.0NRT,314.1,13.5,N
30.6088,75.9041,368.5,0.4,0.4,2026-05-06,0100,N,VIIRS,nominal,2.0NRT,343.5,24.7,N
30.486,75.7268,360.8,0.4,0.4,2026-05-06,0717,N,VIIRS,nominal,2.0NRT,335.8,15.7,D
30.3468,76.0154,338.2,0.4,0.4,2026-05-06,1334,N,VIIRS,nominal,2.0NRT,313.2,31.1,D
30.638,75.7049,327.2,0.4,0.4,2026-05-06,1951,N,VIIRS,nominal,2.0NRT,302.2,29.0,N
30.584,75.8609,327.5,0.4,0.4,2026-05-07,0100,N,VIIRS,nominal,2.0NRT,302.5,15.4,N
30.6212,75.8765,390.7,0.4,0.4,2026-05-07,0717,N,VIIRS,nominal,2.0NRT,365.7,16.4,D
30.348,75.9545,361.9,0.4,0.4,2026-05-07,1334,N,VIIRS,nominal,2.0NRT,336.9,32.8,D
30.3868,75.7018,382.7,0.4,0.4,2026-05-07,1951,N,VIIRS,nominal,2.0NRT,357.7,14.9,N
30.658,75.706,328.5,0.4,0.4,2026-05-08,0100,N,VIIRS,nominal,2.0NRT,303.5,23.9,N
30.6312,75.6633,341.4,0.4,0.4,2026-05-08,0717,N,VIIRS,nominal,2.0NRT,316.4,17.3,D
30.4772,75.8802,385.6,0.4,0.4,2026-05-08,1334,N,VIIRS,nominal,2.0NRT,360.6,31.8,D
30.6588,75.7091,378.6,0.4,0.4,2026-05-08,1951,N,VIIRS,nominal,2.0NRT,353.6,9.1,N
30.6464,75.616,344.9,0.4,0.4,2026-05-09,0100,N,VIIRS,nominal,2.0NRT,319.9,32.4,N
30.6172,75.6716,347.3,0.4,0.4,2026-05-09,0717,N,VIIRS,nominal,2.0NRT,322.3,30.5,D
30.6324,75.9462,348.8,0.4,0.4,2026-05-09,1334,N,VIIRS,nominal,2.0NRT,323.8,13.0,D
30.6236,76.083,334.0,0.4,0.4,2026-05-09,1951,N,VIIRS,nominal,2.0NRT,309.0,18.2,N
30.5252,75.8417,320.4,0.4,0.4,2026-05-10,0100,N,VIIRS,nominal,2.0NRT,295.4,31.7,N
30.4588,75.5931,334.9,0.4,0.4,2026-05-10,0717,N,VIIRS,nominal,2.0NRT,309.9,32.1,D
30.416,75.9961,319.1,0.4,0.4,2026-05-10,1334,N,VIIRS,nominal,2.0NRT,294.1,10.6,D
30.3648,75.721,350.7,0.4,0.4,2026-05-10,1951,N,VIIRS,nominal,2.0NRT,325.7,13.5,N
30.5824,75.9249,327.6,0.4,0.4,2026-05-11,0100,N,VIIRS,nominal,2.0NRT,302.6,26.9,N
30.3056,75.942,357.8,0.4,0.4,2026-05-11,0717,N,VIIRS,nominal,2.0NRT,332.8,6.5,D
30.4044,75.6404,361.6,0.4,0.4,2026-05-11,1334,N,VIIRS,nominal,2.0NRT,336.6,18.6,D
30.6248,75.9987,335.3,0.4,0.4,2026-05-11,1951,N,VIIRS,nominal,2.0NRT,310.3,29.9,N
30.426,75.8427,392.8,0.4,0.4,2026-05-12,0100,N,VIIRS,nominal,2.0NRT,367.8,25.5,N
30.6752,75.6259,329.4,0.4,0.4,2026-05-12,0717,N,VIIRS,nominal,2.0NRT,304.4,3.9,D
30.4176,75.8282,354.2,0.4,0.4,2026-05-12,1334,N,VIIRS,nominal,2.0NRT,329.2,19.0,D
30.498,75.6191,379.3,0.4,0.4,2026-05-12,1951,N,VIIRS,nominal,2.0NRT,354.3,31.4,N
30.5032,75.682,375.7,0.4,0.4,2026-05-13,0100,N,VIIRS,nominal,2.0NRT,350.7,26.3,N
30.3316,75.6789,384.4,0.4,0.4,2026-05-13,0717,N,VIIRS,nominal,2.0NRT,359.4,5.8,D
30.6504,75.8848,339.2,0.4,0.4,2026-05-13,1334,N,VIIRS,nominal,2.0NRT,314.2,3.5,D
30.3792,75.9784,348.2,0.4,0.4,2026-05-13,1951,N,VIIRS,nominal,2.0NRT,323.2,14.6,N
30.6532,75.8614,369.5,0.4,0.4,2026-05-14,0100,N,VIIRS,nominal,2.0NRT,344.5,30.9,N
30.638,75.6061,334.5,0.4,0.4,2026-05-14,0717,N,VIIRS,nominal,2.0NRT,309.5,9.5,D
30.4068,75.7632,335.1,0.4,0.4,2026-05-14,1334,N,VIIRS,nominal,2.0NRT,310.1,32.8,D
30.4892,75.7091,333.8,0.4,0.4,2026-05-14,1951,N,VIIRS,nominal,2.0NRT,308.8,8.9,N
30.3872,75.8183,344.2,0.4,0.4,2026-05-15,0100,N,VIIRS,nominal,2.0NRT,319.2,33.0,N
30.5136,75.9883,349.1,0.4,0.4,2026-05-15,0717,N,VIIRS,nominal,2.0NRT,324.1,28.4,D
30.6072,75.6368,389.3,0.4,0.4,2026-05-15,1334,N,VIIRS,nominal,2.0NRT,364.3,15.2,D
30.5676,75.6222,370.8,0.4,0.4,2026-05-15,1951,N,VIIRS,nominal,2.0NRT,345.8,10.2,N
30.6072,76.1064,331.5,0.4,0.4,2026-05-16,0100,N,VIIRS,nominal,2.0NRT,306.5,30.9,N
30.406,75.994,315.1,0.4,0.4,2026-05-16,0717,N,VIIRS,nominal,2.0NRT,290.1,24.1,D
30.4,75.7585,329.0,0.4,0.4,2026-05-16,1334,N,VIIRS,nominal,2.0NRT,304.0,23.8,D
30.4308,75.8536,343.6,0.4,0.4,2026-05-16,1951,N,VIIRS,nominal,2.0NRT,318.6,28.7,N
30.5808,76.0039,391.7,0.4,0.4,2026-05-17,0100,N,VIIRS,nominal,2.0NRT,366.7,30.1,N
30.5972,75.9654,386.6,0.4,0.4,2026-05-17,0717,N,VIIRS,nominal,2.0NRT,361.6,21.2,D
30.6748,75.8323,324.3,0.4,0.4,2026-05-17,1334,N,VIIRS,nominal,2.0NRT,299.3,9.9,D
30.5564,75.8864,365.6,0.4,0.4,2026-05-17,1951,N,VIIRS,nominal,2.0NRT,340.6,31.0,N
30.478,75.6014,342.1,0.4,0.4,2026-05-18,0100,N,VIIRS,nominal,2.0NRT,317.1,10.6,N
30.4324,75.876,370.3,0.4,0.4,2026-05-18,0717,N,VIIRS,nominal,2.0NRT,345.3,13.0,D
30.5392,76.0143,342.8,0.4,0.4,2026-05-18,1334,N,VIIRS,nominal,2.0NRT,317.8,5.9,D
30.6356,75.6399,385.1,0.4,0.4,2026-05-18,1951,N,VIIRS,nominal,2.0NRT,360.1,20.7,N
30.444,75.9478,323.3,0.4,0.4,2026-05-19,0100,N,VIIRS,nominal,2.0NRT,298.3,4.7,N
30.67,75.7538,349.4,0.4,0.4,2026-05-19,0717,N,VIIRS,nominal,2.0NRT,324.4,13.8,D
30.5716,75.7314,345.5,0.4,0.4,2026-05-19,1334,N,VIIRS,nominal,2.0NRT,320.5,4.4,D
30.3836,75.6971,355.4,0.4,0.4,2026-05-19,1951,N,VIIRS,nominal,2.0NRT,330.4,30.0,N
30.624,76.0362,330.5,0.4,0.4,2026-05-20,0100,N,VIIRS,nominal,2.0NRT,305.5,11.3,N
30.6296,75.942,335.7,0.4,0.4,2026-05-20,0717,N,VIIRS,nominal,2.0NRT,310.7,16.8,D
30.3876,75.9769,330.0,0.4,0.4,2026-05-20,1334,N,VIIRS,nominal,2.0NRT,305.0,4.2,D
30.4672,75.628,354.3,0.4,0.4,2026-05-20,1951,N,VIIRS,nominal,2.0NRT,329.3,24.0,N
30.3224,75.6763,326.3,0.4,0.4,2026-05-21,0100,N,VIIRS,nominal,2.0NRT,301.3,25.5,N
30.6568,75.8011,366.7,0.4,0.4,2026-05-21,0717,N,VIIRS,nominal,2.0NRT,341.7,23.8,D
30.4168,75.9446,321.5,0.4,0.4,2026-05-21,1334,N,VIIRS,nominal,2.0NRT,296.5,3.5,D
30.3604,76.0533,387.7,0.4,0.4,2026-05-21,1951,N,VIIRS,nominal,2.0NRT,362.7,11.3,N
30.3316,75.7439,332.0,0.4,0.4,2026-05-22,0100,N,VIIRS,nominal,2.0NRT,307.0,5.8,N
30.574,75.9171,335.8,0.4,0.4,2026-05-22,0717,N,VIIRS,nominal,2.0NRT,310.8,9.7,D
30.3212,75.8635,323.5,0.4,0.4,2026-05-22,1334,N,VIIRS,nominal,2.0NRT,298.5,28.7,D
30.6616,76.0996,389.1,0.4,0.4,2026-05-22,1951,N,VIIRS,nominal,2.0NRT,364.1,32.3,N
30.414,75.6644,391.4,0.4,0.4,2026-05-23,0100,N,VIIRS,nominal,2.0NRT,366.4,25.4,N
30.4492,76.0632,376.5,0.4,0.4,2026-05-23,0717,N,VIIRS,nominal,2.0NRT,351.5,28.8,D
30.4956,75.6826,384.2,0.4,0.4,2026-05-23,1334,N,VIIRS,nominal,2.0NRT,359.2,10.5,D
30.584,75.6446,332.1,0.4,0.4,2026-05-23,1951,N,VIIRS,nominal,2.0NRT,307.1,14.5,N
30.526,76.0991,353.5,0.4,0.4,2026-05-24,0100,N,VIIRS,nominal,2.0NRT,328.5,30.2,N
30.3932,75.8682,328.1,0.4,0.4,2026-05-24,0717,N,VIIRS,nominal,2.0NRT,303.1,24.0,D
30.6724,75.9649,352.2,0.4,0.4,2026-05-24,1334,N,VIIRS,nominal,2.0NRT,327.2,11.2,D
30.6324,75.6316,378.2,0.4,0.4,2026-05-24,1951,N,VIIRS,nominal,2.0NRT,353.2,16.2,N
30.6352,75.7668,332.8,0.4,0.4,2026-05-25,0100,N,VIIRS,nominal,2.0NRT,307.8,23.1,N
30.46,75.9384,374.1,0.4,0.4,2026-05-25,0717,N,VIIRS,nominal,2.0NRT,349.1,9.6,D
30.6496,75.9041,382.6,0.4,0.4,2026-05-25,1334,N,VIIRS,nominal,2.0NRT,357.6,9.0,D
30.6856,75.7845,369.1,0.4,0.4,2026-05-25,1951,N,VIIRS,nominal,2.0NRT,344.1,4.2,N
30.4672,75.6727,326.3,0.4,0.4,2026-05-26,0100,N,VIIRS,nominal,2.0NRT,301.3,30.4,N
30.3536,75.7907,330.6,0.4,0.4,2026-05-26,0717,N,VIIRS,nominal,2.0NRT,305.6,6.0,D
30.4248,76.0752,326.9,0.4,0.4,2026-05-26,1334,N,VIIRS,nominal,2.0NRT,301.9,30.5,D
30.3576,75.9675,326.5,0.4,0.4,2026-05-26,1951,N,VIIRS,nominal,2.0NRT,301.5,27.0,N
30.4636,75.941,315.3,0.4,0.4,2026-05-27,0100,N,VIIRS,nominal,2.0NRT,290.3,19.4,N
30.4956,75.7652,358.4,0.4,0.4,2026-05-27,0717,N,VIIRS,nominal,2.0NRT,333.4,3.8,D
30.314,75.7564,389.5,0.4,0.4,2026-05-27,1334,N,VIIRS,nominal,2.0NRT,364.5,9.1,D
30.554,75.6784,323.7,0.4,0.4,2026-05-27,1951,N,VIIRS,nominal,2.0NRT,298.7,17.9,N
30.416,75.967,358.3,0.4,0.4,2026-05-28,0100,N,VIIRS,nominal,2.0NRT,333.3,32.6,N
30.3036,75.9348,349.7,0.4,0.4,2026-05-28,0717,N,VIIRS,nominal,2.0NRT,324.7,12.3,D
30.3304,75.9004,317.5,0.4,0.4,2026-05-28,1334,N,VIIRS,nominal,2.0NRT,292.5,23.5,D
30.6,75.6815,379.1,0.4,0.4,2026-05-28,1951,N,VIIRS,nominal,2.0NRT,354.1,12.4,N
30.6928,75.6233,393.6,0.4,0.4,2026-05-29,0100,N,VIIRS,nominal,2.0NRT,368.6,31.6,N
30.3076,75.7039,368.0,0.4,0.4,2026-05-29,0717,N,VIIRS,nominal,2.0NRT,343.0,12.2,D
30.572,75.6014,368.9,0.4,0.4,2026-05-29,1334,N,VIIRS,nominal,2.0NRT,343.9,29.6,D
30.3848,75.8479,339.0,0.4,0.4,2026-05-29,1951,N,VIIRS,nominal,2.0NRT,314.0,27.4,N
30.3924,75.6025,354.1,0.4,0.4,2026-05-30,0100,N,VIIRS,nominal,2.0NRT,329.1,9.6,N
30.306,75.8781,383.2,0.4,0.4,2026-05-30,0717,N,VIIRS,nominal,2.0NRT,358.2,13.8,D
30.6544,76.0507,390.6,0.4,0.4,2026-05-30,1334,N,VIIRS,nominal,2.0NRT,365.6,23.1,D
30.4328,76.0554,341.4,0.4,0.4,2026-05-30,1951,N,VIIRS,nominal,2.0NRT,316.4,29.2,N
30.3504,75.9592,334.1,0.4,0.4,2026-05-31,0100,N,VIIRS,nominal,2.0NRT,309.1,22.0,N
30.6432,75.8349,349.7,0.4,0.4,2026-05-31,0717,N,VIIRS,nominal,2.0NRT,324.7,30.6,D
30.372,75.6477,317.4,0.4,0.4,2026-05-31,1334,N,VIIRS,nominal,2.0NRT,292.4,5.1,D
30.6528,75.9743,317.6,0.4,0.4,2026-05-31,1951,N,VIIRS,nominal,2.0NRT,292.6,28.9,N
